Title,Prices,Item_url,Image_url,Category
Copper Coloered Owl Bracelet,$4.20 ,https://www.ebay.com/itm/154534768849?hash=item23fafd70d1:g:orMAAOSwxqBg82N0,https://i.ebayimg.com/thumbs/images/g/orMAAOSwxqBg82N0/s-l225.jpg,Bracelet
Womens Sterling Silver Cuff Design Open Bangle Fashion Bracelet !!,$10.00 ,https://www.ebay.com/itm/154535960222?hash=item23fb0f9e9e:g:1pAAAOSwZApg9Lob,https://i.ebayimg.com/thumbs/images/g/1pAAAOSwZApg9Lob/s-l225.jpg,Bracelet
"Heart bracelet 14 carat rose gold. 7"". Half of each heart is hollow.",$30.00 ,https://www.ebay.com/itm/133822778974?hash=item1f28758e5e:g:oSEAAOSwTNZg9J1B,https://i.ebayimg.com/thumbs/images/g/oSEAAOSwTNZg9J1B/s-l225.jpg,Bracelet
Thomas Sabo beaded bracelet,$34.03 ,https://www.ebay.com/itm/133821497831?hash=item1f286201e7:g:W0cAAOSwe11geXxW,https://i.ebayimg.com/thumbs/images/g/W0cAAOSwe11geXxW/s-l225.jpg,Bracelet
New ListingSIGNED KIRKS FOLLY 7” GOLD CRYSTAL RHINESTONE SNOWFLAKE CHARM BRACELET RARE LOOK,$36.00 ,https://www.ebay.com/itm/393455363266?hash=item5b9bc464c2:g:vLUAAOSwrFBg97nW,https://i.ebayimg.com/thumbs/images/g/vLUAAOSwrFBg97nW/s-l225.jpg,Bracelet
Blue Iolite Faceted Quartz Green Shell 925 STERLING SILVER PLATED BRACELET,$25.85 ,https://www.ebay.com/itm/144120261270?hash=item218e3caa96:g:BNYAAOSw2O9g9sHd,https://i.ebayimg.com/thumbs/images/g/BNYAAOSw2O9g9sHd/s-l225.jpg,Bracelet
New ListingAnn Taylor LOFT Women's California Sunset Gold Tone Cuff Bracelet,$8.00 ,https://www.ebay.com/itm/133825461956?hash=item1f289e7ec4:g:eLEAAOSwMYpg2p7~,https://i.ebayimg.com/thumbs/images/g/eLEAAOSwMYpg2p7~/s-l225.jpg,Bracelet
Ruby Zoisite bracelet,$6.00 ,https://www.ebay.com/itm/114898380848?hash=item1ac07a2830:g:08kAAOSwrGhg9e96,https://i.ebayimg.com/thumbs/images/g/08kAAOSwrGhg9e96/s-l225.jpg,Bracelet
New Listingcato bracelet,$5.00 ,https://www.ebay.com/itm/124819820247?hash=item1d0fd74ed7:g:TecAAOSwKBFg-Fdl,https://i.ebayimg.com/thumbs/images/g/TecAAOSwKBFg-Fdl/s-l225.jpg,Bracelet
New ListingPaparazzi Jewelry Stretchy Bracelet Lot Of 3,$10.00 ,https://www.ebay.com/itm/133824632753?hash=item1f2891d7b1:g:BGAAAOSw9LRg9ynx,https://i.ebayimg.com/thumbs/images/g/BGAAAOSw9LRg9ynx/s-l225.jpg,Bracelet
bracelet,$39.99 ,https://www.ebay.com/itm/324721426980?hash=item4b9ae7c224:g:e7wAAOSwxEBg6bQu,https://i.ebayimg.com/thumbs/images/g/e7wAAOSwxEBg6bQu/s-l225.jpg,Bracelet
"92.5 Silver Plated 2Mm Byzantine Chain Bracelet Jewelry 7-9"" S1929",$0.01 ,https://www.ebay.com/itm/234089427131?hash=item3680d130bb:g:51oAAOSwc49g7zAm,https://i.ebayimg.com/thumbs/images/g/51oAAOSwc49g7zAm/s-l225.jpg,Bracelet
New ListingCarnelian Ethnic Handmade Bracelet Jewelry 21 Gms AB 1636,$2.99 ,https://www.ebay.com/itm/403007737636?hash=item5dd5220f24:g:qk8AAOSwfOBg93Jv,https://i.ebayimg.com/thumbs/images/g/qk8AAOSwfOBg93Jv/s-l225.jpg,Bracelet
New ListingLarimar Rainbow Moonstone Ethnic Handmade Bracelet Jewelry 26 Gms AB 1692,$6.07 ,https://www.ebay.com/itm/384287131705?hash=item59794c4839:g:2QQAAOSwAA5g93vN,https://i.ebayimg.com/thumbs/images/g/2QQAAOSwAA5g93vN/s-l225.jpg,Bracelet
New ListingBetsey Johnson Fashion Jewelry Pretty Charming Crystal Bangle Bracelet,$0.99 ,https://www.ebay.com/itm/124818909345?hash=item1d0fc968a1:g:cAkAAOSwH3lgz~15,https://i.ebayimg.com/thumbs/images/g/cAkAAOSwH3lgz~15/s-l225.jpg,Bracelet
guess bracelet silver,$3.13 ,https://www.ebay.com/itm/294284459500?hash=item4484b87dec:g:3wYAAOSw5SVg9cAQ,https://i.ebayimg.com/thumbs/images/g/3wYAAOSw5SVg9cAQ/s-l225.jpg,Bracelet
New ListingTURKISH RUBY .925 SILVER & BRONZE BANGLE BRACELET #35499,$17.00 ,https://www.ebay.com/itm/124818750140?hash=item1d0fc6fabc:g:lJQAAOSweG1gtJIa,https://i.ebayimg.com/thumbs/images/g/lJQAAOSweG1gtJIa/s-l225.jpg,Bracelet
"New Listing100% Natural Beryl Emerald Gemstone Rondelle Faceted Beads 7"" Jewelry Bracelet",$6.79 ,https://www.ebay.com/itm/133825565566?hash=item1f28a0137e:g:N~4AAOSwDjdgxLcH,https://i.ebayimg.com/thumbs/images/g/N~4AAOSwDjdgxLcH/s-l225.jpg,Bracelet
New ListingHandmade Crystal Gemstone 3-4mm Rondelle Faceted Beaded Beauty Jewelry Bracelet,$6.79 ,https://www.ebay.com/itm/133825565278?hash=item1f28a0125e:g:DEwAAOSwyXVgxLhY,https://i.ebayimg.com/thumbs/images/g/DEwAAOSwyXVgxLhY/s-l225.jpg,Bracelet
Swarovski Bracelet- Love - T Bar Fastening,$21.76 ,https://www.ebay.com/itm/324721323030?hash=item4b9ae62c16:g:6ZQAAOSweVJg9tEE,https://i.ebayimg.com/thumbs/images/g/6ZQAAOSweVJg9tEE/s-l225.jpg,Bracelet
Black Tiger Fossil 925 Silver Plated Handmade bangle/Bracelet Free Size Ethnic,$2.99 ,https://www.ebay.com/itm/393445393959?hash=item5b9b2c4627:g:MGsAAOSwMHpg8TEY,https://i.ebayimg.com/thumbs/images/g/MGsAAOSwMHpg8TEY/s-l225.jpg,Bracelet
Labradorite Ethnic Gemstone Handmade Gift Cuff Bracelet Adjustable G718,$3.99 ,https://www.ebay.com/itm/184952812140?hash=item2b100bf26c:g:~R4AAOSwgHxg9ZuN,https://i.ebayimg.com/thumbs/images/g/~R4AAOSwgHxg9ZuN/s-l225.jpg,Bracelet
New Listingswarovski Crystal Bracelet,$17.69 ,https://www.ebay.com/itm/124819762652?hash=item1d0fd66ddc:g:13gAAOSw3iZg-EZn,https://i.ebayimg.com/thumbs/images/g/13gAAOSw3iZg-EZn/s-l225.jpg,Bracelet
New ListingRainbow Moonstone Ethnic Handmade Bracelet Jewelry 21 Gms AB 97627,$3.99 ,https://www.ebay.com/itm/164971584276?hash=item2669129b14:g:k9UAAOSw5Rtg6ey2,https://i.ebayimg.com/thumbs/images/g/k9UAAOSw5Rtg6ey2/s-l225.jpg,Bracelet
"New ListingNew Arrival 100% Natural Rainbow Moonstone+Labradorite Gemstone Nice Bracelet 7""",$6.79 ,https://www.ebay.com/itm/133825565526?hash=item1f28a01356:g:qrMAAOSw3wFgxLe5,https://i.ebayimg.com/thumbs/images/g/qrMAAOSw3wFgxLe5/s-l225.jpg,Bracelet
henri bendel bracelet/ Lock Charm/ Leather/silver,$20.00 ,https://www.ebay.com/itm/154535012192?hash=item23fb012760:g:LZQAAOSwUmhg8641,https://i.ebayimg.com/thumbs/images/g/LZQAAOSwUmhg8641/s-l225.jpg,Bracelet
"Turtilla Fossil Honey Topaz Gemstone Handmade Gift Jewelry Bracelet 7-8"" Y108",$2.99 ,https://www.ebay.com/itm/184954987178?hash=item2b102d22aa:g:F8gAAOSwW4Rg9u4t,https://i.ebayimg.com/thumbs/images/g/F8gAAOSwW4Rg9u4t/s-l225.jpg,Bracelet
New Listing9-10mm Night Luminous Green Fluorite Gemstone Round Beads Elastic Bracelet 7.5'',$4.50 ,https://www.ebay.com/itm/363475672723?hash=item54a0d69e93:g:JzsAAOSw0vBf4pD-,https://i.ebayimg.com/thumbs/images/g/JzsAAOSw0vBf4pD-/s-l225.jpg,Bracelet
"Agate Geode Slice Blue Topaz Gemstone Handmade Ethnic Gift Bracelet 7-8"" k302",$3.99 ,https://www.ebay.com/itm/184953357326?hash=item2b1014440e:g:0VoAAOSwYuhg9d~9,https://i.ebayimg.com/thumbs/images/g/0VoAAOSwYuhg9d~9/s-l225.jpg,Bracelet
Sonia Rykiel SR GOLD METAL BRACELET - GOLD,$45.00 ,https://www.ebay.com/itm/334080441562?hash=item4dc8befcda:g:cbIAAOSwQdhgef7g,https://i.ebayimg.com/thumbs/images/g/cbIAAOSwQdhgef7g/s-l225.jpg,Bracelet
"Mookaite Black Onyx Handmade Gemstone Ethnic Gift Bracelet 7-8"" H711",$2.99 ,https://www.ebay.com/itm/184954161330?hash=item2b102088b2:g:qtMAAOSwk~9g9np5,https://i.ebayimg.com/thumbs/images/g/qtMAAOSwk~9g9np5/s-l225.jpg,Bracelet
Crystal Charm Bracelets Gold Bracelet For Womens Ladies Bead Safety Chain UK,$10.60 ,https://www.ebay.com/itm/163874640046?hash=item2627b090ae:g:BLgAAOSwu~ldh2q0,https://i.ebayimg.com/thumbs/images/g/BLgAAOSwu~ldh2q0/s-l225.jpg,Bracelet
Natural Yellow Tigers Eye Gemstone Round Beads Women Men Bracelet 14mm AAAAA,$48.51 ,https://www.ebay.com/itm/363465758325?hash=item54a03f5675:g:3VkAAOSw671dPk2S,https://i.ebayimg.com/thumbs/images/g/3VkAAOSw671dPk2S/s-l225.jpg,Bracelet
2PCS Fashion 925Sterling Solid Silver Jewelry Rope Chain Bracelet For Women H207,$6.99 ,https://www.ebay.com/itm/362434065015?hash=item5462c0f277:g:kyUAAOSw8JZbjQ2i,https://i.ebayimg.com/thumbs/images/g/kyUAAOSw8JZbjQ2i/s-l225.jpg,Bracelet
White Howlite Gemstone Bead Bracelet Healing Chakra Reiki Handmade Beaded Bangle,$4.49 ,https://www.ebay.com/itm/393415550827?hash=item5b9964e76b:g:h7oAAOSwao9g2YMa,https://i.ebayimg.com/thumbs/images/g/h7oAAOSwao9g2YMa/s-l225.jpg,Bracelet
New Listingbracelet,$27.90 ,https://www.ebay.com/itm/124819857123?hash=item1d0fd7dee3:g:vW4AAOSw9eZg-GAK,https://i.ebayimg.com/thumbs/images/g/vW4AAOSw9eZg-GAK/s-l225.jpg,Bracelet
Sand Dollar Bangle Bracelet,$14.99 ,https://www.ebay.com/itm/144116670801?hash=item218e05e151:g:ihwAAOSwq4Fg8teD,https://i.ebayimg.com/thumbs/images/g/ihwAAOSwq4Fg8teD/s-l225.jpg,Bracelet
Mimco shield bracelet comes with dust bag.,$7.32 ,https://www.ebay.com/itm/124816701494?hash=item1d0fa7b836:g:YSMAAOSw-b9g9SK4,https://i.ebayimg.com/thumbs/images/g/YSMAAOSw-b9g9SK4/s-l225.jpg,Bracelet
New Listingbracelet,$29.81 ,https://www.ebay.com/itm/124819843666?hash=item1d0fd7aa52:g:rpoAAOSwEylg-Fxi,https://i.ebayimg.com/thumbs/images/g/rpoAAOSwEylg-Fxi/s-l225.jpg,Bracelet
New Listingbracelet,$29.81 ,https://www.ebay.com/itm/124819848795?hash=item1d0fd7be5b:g:el8AAOSww-9g-F3N,https://i.ebayimg.com/thumbs/images/g/el8AAOSww-9g-F3N/s-l225.jpg,Bracelet
Louis Vuitton Nanogram Bangle Bracelet,$585.40 ,https://www.ebay.com/itm/114899031985?hash=item1ac08417b1:g:FE8AAOSwg8Jg7shL,https://i.ebayimg.com/thumbs/images/g/FE8AAOSwg8Jg7shL/s-l225.jpg,Bracelet
Glistening pretty Silver tone chunky chain bracelet with blue charms,$1.97 ,https://www.ebay.com/itm/402976484400?hash=item5dd3452c30:g:jjYAAOSwJ8Jg5Nt3,https://i.ebayimg.com/thumbs/images/g/jjYAAOSwJ8Jg5Nt3/s-l225.jpg,Bracelet
Wonderful ClE C.Banquise Paris Retro unusual Silver Brutalist Cuff Bracelet?,$102.09 ,https://www.ebay.com/itm/124818247950?hash=item1d0fbf510e:g:c94AAOSwlZNg9s9U,https://i.ebayimg.com/thumbs/images/g/c94AAOSwlZNg9s9U/s-l225.jpg,Bracelet
New Listingbracelet,$38.11 ,https://www.ebay.com/itm/124819836891?hash=item1d0fd78fdb:g:tiQAAOSw~Chg-Fsb,https://i.ebayimg.com/thumbs/images/g/tiQAAOSw~Chg-Fsb/s-l225.jpg,Bracelet
Lot of 3 Rhinestone or Glass Crystal Bracelets: 2 stretch one winds around,$12.95 ,https://www.ebay.com/itm/334080602153?hash=item4dc8c17029:g:438AAOSw8slg80fQ,https://i.ebayimg.com/thumbs/images/g/438AAOSw8slg80fQ/s-l225.jpg,Bracelet
925 Sterling silver 8MM beads Pretty Bracelet FOR women jewelry wedding,$2.04 ,https://www.ebay.com/itm/393324391492?hash=item5b93f5ec44:g:bxcAAOSwCitgn46r,https://i.ebayimg.com/thumbs/images/g/bxcAAOSwCitgn46r/s-l225.jpg,Bracelet
RASTACLAT - HERMES MENS BRACELET - 100% AUTHENTIC,$21.92 ,https://www.ebay.com/itm/224335604933?hash=item343b71acc5:g:oA0AAOSw71NgF4yn,https://i.ebayimg.com/thumbs/images/g/oA0AAOSw71NgF4yn/s-l225.jpg,Bracelet
925 Sterling silver 3M Snake chain Pretty Bracelet FOR women jewelry wedding,$1.73 ,https://www.ebay.com/itm/393324414486?hash=item5b93f64616:g:rkEAAOSw54pgn5Nq,https://i.ebayimg.com/thumbs/images/g/rkEAAOSw54pgn5Nq/s-l225.jpg,Bracelet
2PCS Fashion 925Sterling Solid Silver Jewelry Chain Bracelet For Women H157,$7.49 ,https://www.ebay.com/itm/362434759551?hash=item5462cb8b7f:g:Z60AAOSwHntbjRAC,https://i.ebayimg.com/thumbs/images/g/Z60AAOSwHntbjRAC/s-l225.jpg,Bracelet
Natural 8mm Green Red Ruby In Zoisite Round Gemstone Stretch Bracelet 7.5'' AA,$2.50 ,https://www.ebay.com/itm/323982985794?hash=item4b6ee40a42:g:qQgAAOSwI4Bgyef1,https://i.ebayimg.com/thumbs/images/g/qQgAAOSwI4Bgyef1/s-l225.jpg,Bracelet
New 50pcs/Lots assorted Handmade Leather Cuff Bracelet adjustable jewelry,$22.95 ,https://www.ebay.com/itm/274394082608?hash=item3fe3296d30:g:UF0AAOSwsQJe4elv,https://i.ebayimg.com/thumbs/images/g/UF0AAOSwsQJe4elv/s-l225.jpg,Bracelet
Genuine  Baltic Amber Bracelet,$5.99 ,https://www.ebay.com/itm/224168795258?hash=item3431805c7a:g:5BQAAOSwtkFfbJ93,https://i.ebayimg.com/thumbs/images/g/5BQAAOSwtkFfbJ93/s-l225.jpg,Bracelet
2pcs His & Hers Stainless Steel CZ Lovers Cuff Bracelet Couple Bangle Wristband,$15.99 ,https://www.ebay.com/itm/324429732106?hash=item4b8984d90a:g:YWoAAOSwk6Bf~qIb,https://i.ebayimg.com/thumbs/images/g/YWoAAOSwk6Bf~qIb/s-l225.jpg,Bracelet
New ListingBrighton Ferrara Coin Medallion Silver Hinged Bangle Bracelet,$35.00 ,https://www.ebay.com/itm/144121650387?hash=item218e51dcd3:g:mxgAAOSw50Vg90yw,https://i.ebayimg.com/thumbs/images/g/mxgAAOSw50Vg90yw/s-l225.jpg,Bracelet
8MM Natural Red Garnet Crystal Round Gemstone Beads Stretch Bracelet 7.5'' AAA,$4.50 ,https://www.ebay.com/itm/392297220795?hash=item5b56bc8abb:g:PjgAAOSwictc3BT2,https://i.ebayimg.com/thumbs/images/g/PjgAAOSwictc3BT2/s-l225.jpg,Bracelet
Natural Hematite Gemstone Multi-Colored Beaded Strechy Bracelet 11mm Wide,$2.23 ,https://www.ebay.com/itm/261056579569?hash=item3cc82f47f1:g:PsgAAOSwAuNW4pb1,https://i.ebayimg.com/thumbs/images/g/PsgAAOSwAuNW4pb1/s-l225.jpg,Bracelet
Natural Genuine 8mm Blue Apatite Round Gem Beads Stretch Bracelet 7.5'' AAA+,$6.50 ,https://www.ebay.com/itm/324347518252?hash=item4b849e5d2c:g:szYAAOSw84NflN0E,https://i.ebayimg.com/thumbs/images/g/szYAAOSw84NflN0E/s-l225.jpg,Bracelet
20 cm silver bracelet yin yang 21 mm diameter,$5.00 ,https://www.ebay.com/itm/282496215536?hash=item41c61629f0:g:vP8AAOSwjL5ZKW4B,https://i.ebayimg.com/thumbs/images/g/vP8AAOSwjL5ZKW4B/s-l225.jpg,Bracelet
2x4mm Faceted Amethyst Roundlle Gemstones Bracelet 7.5 inch,$2.50 ,https://www.ebay.com/itm/323983051322?hash=item4b6ee50a3a:g:StEAAOSw~9Fd0RwR,https://i.ebayimg.com/thumbs/images/g/StEAAOSw~9Fd0RwR/s-l225.jpg,Bracelet
Fashion 925Sterling Solid Silver Jewelry Flower Round Bracelet For Women H235,$7.99 ,https://www.ebay.com/itm/223140374632?hash=item33f433e868:g:l6sAAOSwq~JbjQzA,https://i.ebayimg.com/thumbs/images/g/l6sAAOSwq~JbjQzA/s-l225.jpg,Bracelet
"Mookaite Black Onyx Handmade Gemstone Ethnic Gift Bracelet 7-8"" H711",$2.99 ,https://www.ebay.com/itm/184954161330?hash=item2b102088b2:g:qtMAAOSwk~9g9np5,https://i.ebayimg.com/thumbs/images/g/qtMAAOSwk~9g9np5/s-l225.jpg,Bracelet
2PCS Hot 925Sterling Solid Silver Men Jewelry 6mm Chain Bracelet For Women H164,$7.99 ,https://www.ebay.com/itm/223143131922?hash=item33f45dfb12:g:nGsAAOSwq~JbjQ-h,https://i.ebayimg.com/thumbs/images/g/nGsAAOSwq~JbjQ-h/s-l225.jpg,Bracelet
"Peridot Gemstone Handmade Ethnic Gift Jewelry Bracelet 7""-8"" d239",$3.99 ,https://www.ebay.com/itm/184953432014?hash=item2b101567ce:g:EOYAAOSwKINg9e2Y,https://i.ebayimg.com/thumbs/images/g/EOYAAOSwKINg9e2Y/s-l225.jpg,Bracelet
Black Rutile Gemstone Ethnic Handmade Gift Cuff Bracelet Adjustable R159,$3.99 ,https://www.ebay.com/itm/184952476291?hash=item2b1006d283:g:fqUAAOSwO6hg9W8G,https://i.ebayimg.com/thumbs/images/g/fqUAAOSwO6hg9W8G/s-l225.jpg,Bracelet
New ListingFluorite Chalcedony Ethnic Handmade Bracelet Jewelry 23 Gms AB 1611,$3.99 ,https://www.ebay.com/itm/403007937458?hash=item5dd5251bb2:g:zakAAOSwPS1g94-4,https://i.ebayimg.com/thumbs/images/g/zakAAOSwPS1g94-4/s-l225.jpg,Bracelet
"New ListingRed Coral Handmade Gemstone Ethnic Fashion Jewelry Bracelet 6-8"" SB-481",$4.48 ,https://www.ebay.com/itm/294287165032?hash=item4484e1c668:g:GS8AAOSw-k1f3jD0,https://i.ebayimg.com/thumbs/images/g/GS8AAOSw-k1f3jD0/s-l225.jpg,Bracelet
Orange Scolecite Ethnic Gemstone Handmade Gift Cuff Bracelet Adjustable v669,$3.99 ,https://www.ebay.com/itm/184952482384?hash=item2b1006ea50:g:5TIAAOSwziFg9XDl,https://i.ebayimg.com/thumbs/images/g/5TIAAOSwziFg9XDl/s-l225.jpg,Bracelet
"Genuine 2 Rows 7-8mm White Akoya Cultured pearl Bracelet Bangle 7.5"" AAA",$6.50 ,https://www.ebay.com/itm/333032774258?hash=item4d8a4cda72:g:CqgAAOSwaG9XI0qM,https://i.ebayimg.com/thumbs/images/g/CqgAAOSwaG9XI0qM/s-l225.jpg,Bracelet
"Swiss Blue Topaz Gemstone Handmade Ethnic Gift Bracelet 7-8"" R500",$3.99 ,https://www.ebay.com/itm/184953474567?hash=item2b10160e07:g:hpMAAOSwD-Jg9fUa,https://i.ebayimg.com/thumbs/images/g/hpMAAOSwD-Jg9fUa/s-l225.jpg,Bracelet
High quality bracelet. closed enamel pretty colours. very trendy. me14,$31.64 ,https://www.ebay.com/itm/164834597280?hash=item2660e859a0:g:ak4AAOSw0fFfSg8Q,https://i.ebayimg.com/thumbs/images/g/ak4AAOSw0fFfSg8Q/s-l225.jpg,Bracelet
"Black Onyx Gemstone Handmade Ethnic Gift Jewelry Bracelet 7-8"" a263",$2.99 ,https://www.ebay.com/itm/184947766954?hash=item2b0fbef6aa:g:VhMAAOSwlWJg8nA2,https://i.ebayimg.com/thumbs/images/g/VhMAAOSwlWJg8nA2/s-l225.jpg,Bracelet
2 Pcs Mona Lisa Natural Morganite Peridot Amethyst Gems Silver Bracelet Earrings,$15.99 ,https://www.ebay.com/itm/254155756380?hash=item3b2cdd135c:g:qyoAAOSwfchcgwkz,https://i.ebayimg.com/thumbs/images/g/qyoAAOSwfchcgwkz/s-l225.jpg,Bracelet
"Black Onyx Handmade Gemstone Ethnic Gift Bracelet 7-8"" k862",$2.99 ,https://www.ebay.com/itm/184947855455?hash=item2b0fc0505f:g:ZGUAAOSwYjRg8n5G,https://i.ebayimg.com/thumbs/images/g/ZGUAAOSwYjRg8n5G/s-l225.jpg,Bracelet
New ListingLabradorite Gemstone 925 Sterling Silver Plated Cuff Bangle Bracelet BN-20-309,$4.99 ,https://www.ebay.com/itm/154539247403?hash=item23fb41c72b:g:HosAAOSwYltg-DHm,https://i.ebayimg.com/thumbs/images/g/HosAAOSwYltg-DHm/s-l225.jpg,Bracelet
New ListingRustic Cuff Stretchy Bracelet with Horse Charm,$4.99 ,https://www.ebay.com/itm/144120467913?hash=item218e3fd1c9:g:bRoAAOSw8Lhg9uzd,https://i.ebayimg.com/thumbs/images/g/bRoAAOSw8Lhg9uzd/s-l225.jpg,Bracelet
"K2 Azurite Emerald Gemstone Handmade Silver Jewelry Bracelet 7-8"" SMQ-156",$19.99 ,https://www.ebay.com/itm/133824010122?hash=item1f2888578a:g:uWUAAOSw90pfCFmI,https://i.ebayimg.com/thumbs/images/g/uWUAAOSw90pfCFmI/s-l225.jpg,Bracelet
"Bi-Color Tourmaline Peridot Gemstone Silver Jewelry Bracelet 7-8"" SMQ-1172",$19.99 ,https://www.ebay.com/itm/133824010109?hash=item1f2888577d:g:sdwAAOSwn1tfCFpZ,https://i.ebayimg.com/thumbs/images/g/sdwAAOSwn1tfCFpZ/s-l225.jpg,Bracelet
"Snoflake Obsidian Coral Gemstone Ethnic Gift Jewelry Bracelet 7-8"" C919",$2.99 ,https://www.ebay.com/itm/184955132940?hash=item2b102f5c0c:g:D7AAAOSwT3Fg9wKY,https://i.ebayimg.com/thumbs/images/g/D7AAAOSwT3Fg9wKY/s-l225.jpg,Bracelet
"New Listing100% Natural Garnet Gemstone 3-4mm Rondelle Faceted Beads Jewelry L-7"" Bracelet",$6.79 ,https://www.ebay.com/itm/133825565575?hash=item1f28a01387:g:M~gAAOSwTslgxLNC,https://i.ebayimg.com/thumbs/images/g/M~gAAOSwTslgxLNC/s-l225.jpg,Bracelet
"New Listing7"" TRICOLOR BRACELET w/SWIRLY OVAL BEADS  GOLD/ROSE/STERLING SILVER ITALY 925",$19.99 ,https://www.ebay.com/itm/114899825181?hash=item1ac090321d:g:3fYAAOSwv3JbJy9j,https://i.ebayimg.com/thumbs/images/g/3fYAAOSwv3JbJy9j/s-l225.jpg,Bracelet
"New 8-9mm 2 Rows Genuine Natural Freshwater Akoya Pearl Bracelet 7.5""",$6.99 ,https://www.ebay.com/itm/323661584342?hash=item4b5bbbd7d6:g:in4AAOSwr~dZjVm~,https://i.ebayimg.com/thumbs/images/g/in4AAOSwr~dZjVm~/s-l225.jpg,Bracelet
Howlite Chicklet Gemstone Beads Designer Stretchable Bracelet Jewelry B1294,$8.99 ,https://www.ebay.com/itm/353581864422?hash=item52531f15e6:g:JBQAAOSw32Vg2W1I,https://i.ebayimg.com/thumbs/images/g/JBQAAOSw32Vg2W1I/s-l225.jpg,Bracelet
New ListingWomen's Brecciated Mookaite Gemstone Silver Jewelry Cuff-Bracelet 7''Adjustable,$7.47 ,https://www.ebay.com/itm/403007235450?hash=item5dd51a657a:g:mxgAAOSwrxVg9zS6,https://i.ebayimg.com/thumbs/images/g/mxgAAOSwrxVg9zS6/s-l225.jpg,Bracelet
"Swiss Blue Topaz Gemstone Handmade Ethnic Gift Jewelry Bracelet 7-8"" u372",$3.99 ,https://www.ebay.com/itm/184953468336?hash=item2b1015f5b0:g:bisAAOSwnsBg9fOy,https://i.ebayimg.com/thumbs/images/g/bisAAOSwnsBg9fOy/s-l225.jpg,Bracelet
"Italian Red Coral Onyx Gemstone Ethnic Handmade Gift Bracelet 7-8"" w453",$3.99 ,https://www.ebay.com/itm/184953469040?hash=item2b1015f870:g:dI4AAOSwAepg9fPl,https://i.ebayimg.com/thumbs/images/g/dI4AAOSwAepg9fPl/s-l225.jpg,Bracelet
"Amethyst Sage Yellow Sapphire Silver Jewelry Bracelet 7-8"" SMQ-144",$19.99 ,https://www.ebay.com/itm/133824010110?hash=item1f2888577e:g:N6UAAOSwLG9fCFmH,https://i.ebayimg.com/thumbs/images/g/N6UAAOSwLG9fCFmH/s-l225.jpg,Bracelet
Brown leather bracelet lizard gecko lizard mens ladies leather bracelet armband,$21.05 ,https://www.ebay.com/itm/174216271111?hash=item2890195507:g:GFcAAOSw04pd9hX1,https://i.ebayimg.com/thumbs/images/g/GFcAAOSw04pd9hX1/s-l225.jpg,Bracelet
"New ListingGreen Amethyst Faceted Handmade Gemstone Fashion Jewelry Bracelet 6-8"" SB-554",$4.48 ,https://www.ebay.com/itm/294287165905?hash=item4484e1c9d1:g:Da4AAOSwQn5gEvjp,https://i.ebayimg.com/thumbs/images/g/Da4AAOSwQn5gEvjp/s-l225.jpg,Bracelet
Natural 8mm Rainbow Fluorite Round Gemstone Beads Stretch Bracelet 7.5'' AAA,$3.99 ,https://www.ebay.com/itm/162289643565?hash=item25c937702d:g:0UoAAOSwRjJeyz2I,https://i.ebayimg.com/thumbs/images/g/0UoAAOSwRjJeyz2I/s-l225.jpg,Bracelet
"New ListingNEW  8"" ITALIAN STERLING SILVER/GOLD  TWO TONE FIGARO BRACELET 5mm ITALY 925",$35.99 ,https://www.ebay.com/itm/124818908706?hash=item1d0fc96622:g:JbgAAOSwq7JUFiht,https://i.ebayimg.com/thumbs/images/g/JbgAAOSwq7JUFiht/s-l225.jpg,Bracelet
Natural Peridot Bracelet for Women with 8mm Green Round Peridot Bracelet Jewelry,$10.92 ,https://www.ebay.com/itm/163494376290?hash=item2611063362:g:9joAAOSw-QxcPRw2,https://i.ebayimg.com/thumbs/images/g/9joAAOSw-QxcPRw2/s-l225.jpg,Bracelet
"New ListingA+ Red Carnelian 3-4mm Dainty Rondelle Faceted Gemstone Bracelet Jewelry 7"" Long",$10.58 ,https://www.ebay.com/itm/133825566031?hash=item1f28a0154f:g:jaoAAOSwNsJgw2to,https://i.ebayimg.com/thumbs/images/g/jaoAAOSwNsJgw2to/s-l225.jpg,Bracelet
Retro 925 Sterling Silver Knot Vintage Womens Cuff Bracelet Bangle for Women Men,$10.89 ,https://www.ebay.com/itm/393180999531?hash=item5b8b69ef6b:g:7nYAAOSwjqNgSKeY,https://i.ebayimg.com/thumbs/images/g/7nYAAOSwjqNgSKeY/s-l225.jpg,Bracelet
Turquoise Gemstone 925 Silver Plated Adjustable Cuff Bangle DB-016,$1.99 ,https://www.ebay.com/itm/154537525192?hash=item23fb277fc8:g:~W0AAOSwnsJg9mPu,https://i.ebayimg.com/thumbs/images/g/~W0AAOSwnsJg9mPu/s-l225.jpg,Bracelet
Bracelet silver plated chain maille palmier 175cm stainless steel hypoallergenique,$4.06 ,https://www.ebay.com/itm/202778732453?hash=item2f368de7a5:g:OxYAAOSwpcBdfRSR,https://i.ebayimg.com/thumbs/images/g/OxYAAOSwpcBdfRSR/s-l225.jpg,Bracelet
"New ListingTWO TONE 7"" STERLING SILVER BRACELET w/OVAL DIA CUT BEADS GOLD/SILVER  ITALY 925",$17.99 ,https://www.ebay.com/itm/114899822939?hash=item1ac090295b:g:cRwAAOSws-tbGfbQ,https://i.ebayimg.com/thumbs/images/g/cRwAAOSws-tbGfbQ/s-l225.jpg,Bracelet
2PCS 925Sterling Solid Silver Jewelry Box Chain Bracelet For Women Men H172,$6.99 ,https://www.ebay.com/itm/223143053484?hash=item33f45cc8ac:g:nLUAAOSwf2pbjQ9y,https://i.ebayimg.com/thumbs/images/g/nLUAAOSwf2pbjQ9y/s-l225.jpg,Bracelet
Auntique Style Rodonite Gemstone Silver Jewelry Cuff-Bracelet 7''Adjustable,$7.47 ,https://www.ebay.com/itm/124818418026?hash=item1d0fc1e96a:g:SvsAAOSw36pg9v8e,https://i.ebayimg.com/thumbs/images/g/SvsAAOSw36pg9v8e/s-l225.jpg,Bracelet
Love bracelet,$6.25 ,https://www.ebay.com/itm/373654149828?hash=item56ff85dac4:g:rtIAAOSwnpNg9P1p,https://i.ebayimg.com/thumbs/images/g/rtIAAOSwnpNg9P1p/s-l225.jpg,Bracelet
925 Silver Plated Labradorite Bracelet- 7.5 Inchd14879,$10.85 ,https://www.ebay.com/itm/224538536615?hash=item34478a2aa7:g:Pj0AAOSwiYJg87H4,https://i.ebayimg.com/thumbs/images/g/Pj0AAOSwiYJg87H4/s-l225.jpg,Bracelet
"Wholesale 5pcs 10mm Fashion Green Malachite Round Gemstone Beads Bracelet 7.5""",$9.99 ,https://www.ebay.com/itm/223509250507?hash=item340a3081cb:g:5X4AAOSwgW9c03-A,https://i.ebayimg.com/thumbs/images/g/5X4AAOSwgW9c03-A/s-l225.jpg,Bracelet
925 Silver Plated Black Onyx Bracelet- 7.7 Inchg20859,$9.75 ,https://www.ebay.com/itm/224538536768?hash=item34478a2b40:g:ljwAAOSwBx5g87H8,https://i.ebayimg.com/thumbs/images/g/ljwAAOSwBx5g87H8/s-l225.jpg,Bracelet
"Bi-Color Tourmaline Gemstone Handmade Ethnic Gift Jewelry Bracelet 7-8"" r435",$3.99 ,https://www.ebay.com/itm/184947991445?hash=item2b0fc26395:g:6REAAOSwrr1g8pbK,https://i.ebayimg.com/thumbs/images/g/6REAAOSwrr1g8pbK/s-l225.jpg,Bracelet
"New ListingNEW 7.75"" ITALIAN STERLING SILVER 7mm BRACELET OPEN HEART LINK ITALY 925",$20.99 ,https://www.ebay.com/itm/124818907772?hash=item1d0fc9627c:g:DesAAOSwBOlaaA6I,https://i.ebayimg.com/thumbs/images/g/DesAAOSwBOlaaA6I/s-l225.jpg,Bracelet
Jewelry bracelet natural black obsidian tiger eye hematite beads 8mm #1,$8.22 ,https://www.ebay.com/itm/324085942653?hash=item4b7507097d:g:sLwAAOSwPzNeV6uv,https://i.ebayimg.com/thumbs/images/g/sLwAAOSwPzNeV6uv/s-l225.jpg,Bracelet
3pcs Men's Women 8mm Lava Yoga Mala Beaded Charm Elastic Aroma Bracelet Bangle,$13.99 ,https://www.ebay.com/itm/323531484155?hash=item4b53faabfb:g:3C0AAOSwfgRb3Qst,https://i.ebayimg.com/thumbs/images/g/3C0AAOSwfgRb3Qst/s-l225.jpg,Bracelet
"Natural Solar Agate 925 Sterling Silver Jewelry Bracelet 7-8""",$4.79 ,https://www.ebay.com/itm/294278908348?hash=item448463c9bc:g:0NAAAOSwyKtg8eXY,https://i.ebayimg.com/thumbs/images/g/0NAAAOSwyKtg8eXY/s-l225.jpg,Bracelet
2PCS Hot 925Sterling Solid Silver Jewelry Heart Chain Bracelet For Women H213,$8.99 ,https://www.ebay.com/itm/362434029074?hash=item5462c06612:g:210AAOSwmrpbjQ1A,https://i.ebayimg.com/thumbs/images/g/210AAOSwmrpbjQ1A/s-l225.jpg,Bracelet
"Amethyst Gemstone Ethnic Handmade Gift Bracelet 7-8"" JH",$5.99 ,https://www.ebay.com/itm/284375538169?hash=item42361a59f9:g:6~AAAOSwIEFg862J,https://i.ebayimg.com/thumbs/images/g/6~AAAOSwIEFg862J/s-l225.jpg,Bracelet
2pcs Men's 10mm Natural Blue Lapis Lazuli Gemstone Beads Stretch Bracelet,$9.99 ,https://www.ebay.com/itm/333361009857?hash=item4d9ddd54c1:g:icwAAOSwcqFdo8dj,https://i.ebayimg.com/thumbs/images/g/icwAAOSwcqFdo8dj/s-l225.jpg,Bracelet
"Cappuccino Jasper Emerald Gemstone Silver Jewelry Bracelet 7-8"" SMQ-155",$19.99 ,https://www.ebay.com/itm/133824010147?hash=item1f288857a3:g:DbEAAOSwuBBfCFmI,https://i.ebayimg.com/thumbs/images/g/DbEAAOSwuBBfCFmI/s-l225.jpg,Bracelet
Bracelets et bracelets tibétains bouddhistes tibétains,$3.58 ,https://www.ebay.com/itm/274416945600?hash=item3fe48649c0:g:pjcAAOSwPB1e~hgV,https://i.ebayimg.com/thumbs/images/g/pjcAAOSwPB1e~hgV/s-l225.jpg,Bracelet
Cubic Zirconia DesigneR Gold Plated Bracelet 12 WB 7,$21.00 ,https://www.ebay.com/itm/363474685517?hash=item54a0c78e4d:g:Gh0AAOSw7spd1lr6,https://i.ebayimg.com/thumbs/images/g/Gh0AAOSw7spd1lr6/s-l225.jpg,Bracelet
Wire bracelet BRAZlLIAN frendship braid with bells lucky black 8127,$9.40 ,https://www.ebay.com/itm/140700451665?hash=item20c2668351:g:rjsAAMXQC-tTEHZa,https://i.ebayimg.com/thumbs/images/g/rjsAAMXQC-tTEHZa/s-l225.jpg,Bracelet
"Morganite Gemstone Handmade Gift Jewelry Bracelet 7-8"" K514",$2.99 ,https://www.ebay.com/itm/184955030373?hash=item2b102dcb65:g:64QAAOSw~r9g9vSG,https://i.ebayimg.com/thumbs/images/g/64QAAOSw~r9g9vSG/s-l225.jpg,Bracelet
"Amethyst Gemstone Ethnic Handmade Gift Bracelet 7-8"" N994",$2.99 ,https://www.ebay.com/itm/184954928205?hash=item2b102c3c4d:g:-VkAAOSwzC9g9uRU,https://i.ebayimg.com/thumbs/images/g/-VkAAOSwzC9g9uRU/s-l225.jpg,Bracelet
"Tiger Eye Gemstone Ethnic Handmade Gift Bracelet 7-8"" JH",$5.99 ,https://www.ebay.com/itm/284375303445?hash=item423616c515:g:zdUAAOSwqdNg82c4,https://i.ebayimg.com/thumbs/images/g/zdUAAOSwqdNg82c4/s-l225.jpg,Bracelet
"New Listing100% Natural Ethiopian Fire Opal And Peridot 3-4mm Beaded Rondelle Bracelet L-7""",$12.24 ,https://www.ebay.com/itm/133825565486?hash=item1f28a0132e:g:~wMAAOSwN1Fgw0bm,https://i.ebayimg.com/thumbs/images/g/~wMAAOSwN1Fgw0bm/s-l225.jpg,Bracelet
"New ListingNatural A+++ Ethiopian Welo Opal+Peruvian Opal 3-4mm Beaded Rondelle Bracelet 7""",$16.32 ,https://www.ebay.com/itm/133825565513?hash=item1f28a01349:g:dtEAAOSwHnVgxLAT,https://i.ebayimg.com/thumbs/images/g/dtEAAOSwHnVgxLAT/s-l225.jpg,Bracelet
"New ListingA+Natural White Ethiopian Welo Opal+Blue Topaz 3-4mm Beaded Rondelle Bracelet 7""",$19.04 ,https://www.ebay.com/itm/133825565606?hash=item1f28a013a6:g:93IAAOSwcR9gxK8z,https://i.ebayimg.com/thumbs/images/g/93IAAOSwcR9gxK8z/s-l225.jpg,Bracelet
2PCS Hot 925Sterling Solid Silver Jewelry Grape Chain Bracelet For Women H138,$8.99 ,https://www.ebay.com/itm/223143338853?hash=item33f4612365:g:oIYAAOSwamhbjRCz,https://i.ebayimg.com/thumbs/images/g/oIYAAOSwamhbjRCz/s-l225.jpg,Bracelet
"Multi Sakota Mines Emerald Gemstone 925 Sterling Silver Jewelry Bracelet 7-8""",$11.53 ,https://www.ebay.com/itm/294280940059?hash=item448482ca1b:g:GN4AAOSw7kBg80iB,https://i.ebayimg.com/thumbs/images/g/GN4AAOSw7kBg80iB/s-l225.jpg,Bracelet
Tres beau bracelet vintage 1970 gold plate 5 grs new/new/old bracelet 18 cm,$41.17 ,https://www.ebay.com/itm/363132757970?hash=item548c6627d2:g:uh4AAMXQLbVRaWEz,https://i.ebayimg.com/thumbs/images/g/uh4AAMXQLbVRaWEz/s-l225.jpg,Bracelet
"Natural Unakite 925 Sterling Silver Jewelry Bracelet 7-8""",$10.39 ,https://www.ebay.com/itm/294280506487?hash=item44847c2c77:g:lvMAAOSwUzdg8v7b,https://i.ebayimg.com/thumbs/images/g/lvMAAOSwUzdg8v7b/s-l225.jpg,Bracelet
"New ListingMulti Gemstone Beads 3-4mm Rondelle Faceted Unisex Bracelet Unique Jewelry L-7""",$7.99 ,https://www.ebay.com/itm/133825554798?hash=item1f289fe96e:g:5d0AAOSw96VguajM,https://i.ebayimg.com/thumbs/images/g/5d0AAOSw96VguajM/s-l225.jpg,Bracelet
"New ListingTop Genuine Amazonite Micro Faceted Dainty 3mm Beaded Bracelet L-7"" Rich Jewelry",$6.79 ,https://www.ebay.com/itm/133825564895?hash=item1f28a010df:g:MrcAAOSwFYdgxLWW,https://i.ebayimg.com/thumbs/images/g/MrcAAOSwFYdgxLWW/s-l225.jpg,Bracelet
"New Listing100%Genuine Amazonite Micro Faceted Dainty 3mm Beaded Bracelet L-7"" Rich Jewelry",$9.07 ,https://www.ebay.com/itm/133825565437?hash=item1f28a012fd:g:4ksAAOSwsB9gxLWT,https://i.ebayimg.com/thumbs/images/g/4ksAAOSwsB9gxLWT/s-l225.jpg,Bracelet
New ListingAuntique Septarian Nudel Gemstone Silver Jewelry Cuff-Bracelet 7''Adjustable,$7.47 ,https://www.ebay.com/itm/124818837656?hash=item1d0fc85098:g:4ioAAOSwW9Bg93IR,https://i.ebayimg.com/thumbs/images/g/4ioAAOSwW9Bg93IR/s-l225.jpg,Bracelet
"New ListingAAA+ 4pcs 8mm Red Tiger Eye Round Gemstone Beads Stretchable Bracelet 7.5""",$9.99 ,https://www.ebay.com/itm/133825078587?hash=item1f2898a53b:g:NPMAAOSwo-ldbxAo,https://i.ebayimg.com/thumbs/images/g/NPMAAOSwo-ldbxAo/s-l225.jpg,Bracelet
New ListingFossil - Silver and Diamonte Bracelet,$32.93 ,https://www.ebay.com/itm/114900836099?hash=item1ac09f9f03:g:2q8AAOSw1Qxf2C2T,https://i.ebayimg.com/thumbs/images/g/2q8AAOSw1Qxf2C2T/s-l225.jpg,Bracelet
1PC Reiki Healing Crystal Healing Selenite Bracelet Gemstone 8mm Bead Palm Stone,$2.37 ,https://www.ebay.com/itm/224345306015?hash=item343c05b39f:g:ptkAAOSwTphd6HeP,https://i.ebayimg.com/thumbs/images/g/ptkAAOSwTphd6HeP/s-l225.jpg,Bracelet
New ListingHandicraft Emerald Quartz Gemstone Silver Jewelry Cuff-Bracelet 7''Adjustable,$7.47 ,https://www.ebay.com/itm/124818785996?hash=item1d0fc786cc:g:tUIAAOSwcPBg92Gb,https://i.ebayimg.com/thumbs/images/g/tUIAAOSwcPBg92Gb/s-l225.jpg,Bracelet
New ListingDOLPHIN AMETHYST .925 SILVER & BRONZE BANGLE BRACELET #35510,$15.00 ,https://www.ebay.com/itm/124819080119?hash=item1d0fcc03b7:g:76UAAOSwk~ZgtJTD,https://i.ebayimg.com/thumbs/images/g/76UAAOSwk~ZgtJTD/s-l225.jpg,Bracelet
New ListingDOLPHINS AMETHYST .925 SILVER & BRONZE BANGLE BRACELET #35563,$15.00 ,https://www.ebay.com/itm/124819083098?hash=item1d0fcc0f5a:g:lCgAAOSwIjtgtJ-a,https://i.ebayimg.com/thumbs/images/g/lCgAAOSwIjtgtJ-a/s-l225.jpg,Bracelet
"Shiny Labradorite 925 Sterling Silver Jewelry Bracelet 7-8""",$9.86 ,https://www.ebay.com/itm/294278395383?hash=item44845bf5f7:g:8FcAAOSws9Zg8ZBP,https://i.ebayimg.com/thumbs/images/g/8FcAAOSws9Zg8ZBP/s-l225.jpg,Bracelet
"Shiny Labradorite 925 Sterling Silver Jewelry Bracelet 7-8""",$9.67 ,https://www.ebay.com/itm/294278404601?hash=item44845c19f9:g:frUAAOSw9J5g8ZJv,https://i.ebayimg.com/thumbs/images/g/frUAAOSw9J5g8ZJv/s-l225.jpg,Bracelet
